<Employee>
	<Emp_no>105</Emp_no>
	<Name>Husain</Name>
	<Department>Cyber Security</Department>
	<ManagerName>Raman</ManagerName>
	<Project_Assign>
		<proj_1>Project A</proj_1>
		<proj_2>Project B</proj_2>
		<proj_3>Project C</proj_3>
	</Project_Assign>
	<Designation>Senior Cyber Analyst</Designation>

	<Emp_no>005</Emp_no>
	<Name>Shivam</Name>
	<Department>Computer Science</Department>
	<ManagerName>Krishna</ManagerName>
	<Project_Assign>
		<proj_1>Project X</proj_1>
		<proj_2>Project Y</proj_2>
		<proj_3>Project Z</proj_3>
	</Project_Assign>
	<Designation>Senior Computer Science Analyst</Designation>
</Employee>