<?xml version="1.0" encoding="UTF-8"?>
	<?xml-stylesheet type="text/xsl" href="three.xsl"?>
		
		<Books>
			<book title="xyz">
				<author>abc</author>
				<Year>1899</Year>
				<Publisher>A.K.Publications</Publisher>
			</book>
			
			
			
			<book title="xyz">
				<author>abc</author>
				<Year>1099</Year>
				<Publisher>A.K.Publications</Publisher>
			</book>
			
			<book title="xyz">
				<author>abc</author>
				<Year>1299</Year>
				<Publisher>A.K.Publications</Publisher>
			</book>
			
			<book title="xyz">
				<author>abc</author>
				<Year>1799</Year>
				<Publisher>A.K.Publications</Publisher>
			</book>
			
			<book title="xyz">
				<author>abc</author>
				<Year>2599</Year>
				<Publisher>A.K.Publications</Publisher>
			</book>
			<book title="xyz">
				<author>abc</author>
				<Year>1999</Year>
				<Publisher>A.K.Publications</Publisher>
			</book>
			
			<book title="xyz">
				<author>abc</author>
				<Year>2199</Year>
				<Publisher>A.K.Publications</Publisher>
			</book>
			
		</Books>