<?xml version="1.0" encoding="UTF-8"?>
	<?xml-stylesheet type="text/xsl" href="two.xsl"?>
		
		<Order>
			<Order_Detail>
				<OrderNumber>123</OrderNumber>
				<Orderate>252</Orderate>
				<OrderAmount>521</OrderAmount>
				<ItemPrice>587</ItemPrice>
				<ItemName>Misc.Items</ItemName>
				<Quantity>Unknown</Quantity>
			</Order_Detail>
			
		
		<Order_Detail>
				<OrderNumber>123</OrderNumber>
				<Orderate>252</Orderate>
				<OrderAmount>521</OrderAmount>
				<ItemPrice>587</ItemPrice>
				<ItemName>Misc.Items</ItemName>
				<Quantity>Unknown</Quantity>
			</Order_Detail>
				</Order>